Project ID,Project Name,Technology Stack,Complexity Level,Domain,Duration,Prerequisites,Learning Outcomes,Project Scope,Project Type,Target Audience,Real-World Application,Resource Availability,Collaboration Opportunity,Deployment Platform,Required Tools and Equipment
1,Smart Home Automation,IoT Devices,Advanced,IoT,Long-term,Basic programming and Networking,Home Automation and IoT Integration,Large,Development,Undergraduates and Hobbyists,Automating home appliances for energy efficiency,Online tutorials and Community forums,Individual or Group,N/A,IoT devices and Raspberry Pi
2,Network Intrusion Detector,Network Monitoring Tools,Intermediate,Cybersecurity,Medium-term,Networking and Basic Security,Network Security and Intrusion Detection,Medium,Research,Undergraduates and Professionals,Detecting unauthorized network access,Documentation and Online resources,Individual,Web Server,Security tools and software
3,Personal Expense Tracker App,Java and Android Studio,Beginner,Mobile App Development,Short-term,Basic Java,Mobile Application Development and Budget Management,Small,Development,High School and College Students,Managing personal finances,Online tutorials,Individual,Android,Computer with Android Studio
4,2D Puzzle Game,Unity and C#,Beginner,Game Development,Short-term,Basic Programming,Game Design and Development,Small,Development,All Ages,Creative thinking and problem solving,Unity Documentation,Individual or Group,PC and Game Consoles,Unity Engine and basic assets
5,Chatbot for Customer Service,Python and NLP Libraries,Intermediate,Artificial Intelligence,Medium-term,Python and Basic AI concepts,Conversational AI and NLP,Medium,Development,Undergraduates and Developers,Enhancing customer service experience,Online tutorials and AI forums,Individual or Group,Web,Python and AI frameworks
6,Blogging Platform,HTML, CSS, JS,Intermediate,Web Development,Medium-term,Web Technologies,Full-Stack Web Development,Medium,Development,Undergraduates and Web Enthusiasts,Content creation and sharing,Documentation and Online courses,Individual or Group,Web Server,Web development tools
7,Sales Data Analysis,Python and Data Analysis Libraries,Intermediate,Data Science,Short-term,Python and Basic Data Analysis,Data Analysis and Visualization,Medium,Research,Business Professionals and Students,Business insights and decision making,Online datasets and Python tutorials,Individual,PC,Python and data analysis libraries
8,Cloud Storage Service,Cloud Services and Encryption,Intermediate,Cloud Computing,Medium-term,Cloud Concepts and Basic IT,Cloud Storage and Data Security,Medium,Service,Professionals and Students,Secure data storage and access,Cloud platform documentation,Individual or Group,Cloud,Cloud service account
9,Smart Irrigation System,IoT Devices and Sensors,Intermediate,IoT,Medium-term,Basic Programming and Electronics,Efficient Water Usage and IoT Application,Medium,Development,Hobbyists and Agriculturists,Optimizing watering in agriculture,Online tutorials and community forums,Group,N/A,IoT devices and basic electronics
10,Password Strength Analyzer,JavaScript and Web Technologies,Beginner,Cybersecurity,Short-term,Basic Web Technologies,Cybersecurity Awareness and Web Development,Small,Tool,All Ages,Enhancing password security,Online resources and documentation,Individual,Web,Web development environment
11,Phishing Email Detector,"Python, Machine Learning",Intermediate,Cybersecurity,Short-term,Python and Basic Security,Machine Learning in Cybersecurity,Medium,Research,Undergraduates and Professionals,Identifying and preventing phishing attacks,Online tutorials and datasets,Individual,Web,Python and machine learning libraries
12,Fitness Tracker App,"Swift, HealthKit",Intermediate,Mobile App Development,Medium-term,Swift and iOS Development,Mobile App Development and Health Monitoring,Medium,Development,Undergraduates and Fitness Enthusiasts,Monitoring and improving physical health,Apple Developer Documentation,Individual,iOS, Swift, HealthKit
13,3D Platformer Game,"Unity, C#",Intermediate,Game Development,Medium-term,C# and Basic Game Development,Game Design and 3D Graphics,Medium,Development,Game Developers and Hobbyists,Creative game design and player engagement,Unity Documentation,Individual or Group,PC and Game Consoles,Unity Engine, 3D models
14,Stock Market Prediction,"Python, TensorFlow",Advanced,Artificial Intelligence,Long-term,Python, Data Science, and TensorFlow,Machine Learning and Financial Analysis,Large,Research,Data Scientists and Economists,Predictive analytics in finance,Online finance datasets,Individual,PC,Python, TensorFlow, Stock Market Data
15,Responsive Portfolio Website,"HTML, CSS, JavaScript",Beginner,Web Development,Short-term,Web Technologies,Front-End Web Development,Small,Development,Beginning Web Developers,Showcasing personal or professional work,Web development tutorials,Individual,Web,Web development tools
16,Movie Recommender System,"Python, scikit-learn",Intermediate,Data Science,Medium-term,Python and Machine Learning Basics,Data Science and Recommendation Algorithms,Medium,Development,Data Science Students and Enthusiasts,Personalized content recommendation,MovieLens Dataset,Individual,PC,Python, machine learning libraries
17,Cloud Photo Storage Service,"AWS, Cloud Storage Solutions",Intermediate,Cloud Computing,Medium-term,Cloud Concepts and AWS Services,Cloud Services and Data Management,Medium,Service,Photographers and Cloud Enthusiasts,Photo storage and management,Cloud service documentation,Individual or Group,Cloud,AWS services, Cloud storage solutions
18,Smart Agriculture System,"IoT Devices, Sensors",Intermediate,IoT,Medium-term,Basic Programming and Electronics,Efficient Farming and IoT Application,Medium,Development,Agriculturists and IoT Hobbyists,Optimizing agricultural processes,Online IoT tutorials,Group,N/A,IoT devices, sensors
19,Social Engineering Awareness Tool,"Web Technologies, Security Principles",Intermediate,Cybersecurity,Short-term,Web Development and Basic Security,Cybersecurity Awareness and Prevention,Medium,Tool,All Internet Users,Educating about social engineering attacks,Online security resources,Individual,Web,Web development environment
20,AR Shopping App,"ARKit, Mobile Development",Intermediate,Mobile App Development,Medium-term,Mobile Development and AR basics,AR in Retail and App Development,Medium,Development,Retailers and Developers,Enhancing shopping experience with AR,ARKit Documentation,Individual or Group,iOS, ARKit, Mobile development tools
21,VR Escape Room Game,"Unity, VR Development Tools",Advanced,Game Development,Long-term,Unity and C# Basics,VR Game Design and Development,Large,Development,Game Developers and Enthusiasts,Immersive gaming experience,Unity and VR forums,Group,VR Headset,Unity, VR development kit
22,Personal Budget AI Assistant,"Python, Machine Learning",Intermediate,Artificial Intelligence,Medium-term,Python and Basic AI,Personal Finance Management with AI,Medium,Development,Finance Enthusiasts and Developers,Personal finance optimization,Online AI tutorials,Individual,Web or Mobile,Python, AI libraries
23,Dynamic Portfolio Website,"JavaScript, Node.js, React",Intermediate,Web Development,Medium-term,JavaScript and Web Development,Full-Stack Development Skills,Medium,Development,Aspiring Web Developers,Showcasing projects and skills,React and Node.js documentation,Individual,Web,JavaScript, Node.js, React
24,Real-time Twitter Data Analysis,"Python, Data Analysis Libraries",Intermediate,Data Science,Short-term,Python and Data Analysis,Real-time Data Processing and Visualization,Medium,Research,Data Scientists and Analysts,Understanding social media trends,Online datasets and Python tutorials,Individual,PC,Python, data analysis libraries
25,Multi-Cloud Management Dashboard,"Cloud Services, Web Development",Advanced,Cloud Computing,Long-term,Cloud Concepts and Web Technologies,Cloud Resource Management,Large,Development,IT Professionals,Managing cloud resources efficiently,Documentation of various cloud platforms,Group,Web,Cloud service accounts, web development tools
26,Home Security IoT System,"IoT Devices, Raspberry Pi",Intermediate,IoT,Medium-term,Electronics and Basic Programming,Home Security and IoT Application,Medium,Development,Hobbyists and Homeowners,Enhancing home security with IoT,Online IoT resources,Individual or Group,N/A,IoT devices, Raspberry Pi
27,Email Encryption Tool,"Cryptography, Python",Intermediate,Cybersecurity,Short-term,Python and Basic Cryptography,Email Security and Encryption Techniques,Small,Tool,Privacy-conscious Users,Secure communication,Online cryptography tutorials,Individual,Web,Python, encryption libraries
28,Health and Fitness Mobile App,"Swift, HealthKit",Intermediate,Mobile App Development,Medium-term,Swift and iOS Development,Mobile Health Tracking and Data Analysis,Medium,Development,Fitness Enthusiasts and Developers,Health monitoring and fitness tracking,Apple Developer Documentation,Individual,iOS, Swift, HealthKit
29,3D Adventure Game,"Unity, C#",Advanced,Game Development,Long-term,C# and Unity,3D Game Development and Design,Large,Development,Experienced Game Developers,Interactive and engaging gaming experience,Unity Documentation,Group,PC and Game Consoles,Unity, 3D models and assets
30,Personalized Learning AI System,"Python, TensorFlow",Advanced,Artificial Intelligence,Long-term,Python, Machine Learning,Personalized Educational Content with AI,Large,Development,Educators and AI Enthusiasts,Customized learning experiences,Machine learning and education forums,Individual,Web or Mobile,Python, TensorFlow